{
  "seedURN": "./Resource/3D View/BIM360-3D ALLE FAG 524835/BIM360-3D ALLE FAG.svf",
  "objectSet": [
    {
      "id": [],
      "isolated": [],
      "hidden": [],
      "explodeScale": 0,
      "idType": "lmv"
    }
  ],
  "viewport": {
    "name": "",
    "eye": [
      47.043785158857716,
      -84.23998344979091,
      -40.48313441692832
    ],
    "target": [
      11.289170330736695,
      -79.87130169356801,
      -49.884685331621746
    ],
    "up": [
      -0.2506806706416977,
      0.030629446792662864,
      0.9675851581932228
    ],
    "worldUpVector": [
      0,
      0,
      1
    ],
    "pivotPoint": [
      -79.40649120876746,
      -73.14902050002802,
      -73.59030750852679
    ],
    "distanceToOrbit": 131.1108008707185,
    "aspectRatio": 1.3096338613347183,
    "projection": "orthographic",
    "isOrthographic": true,
    "orthographicHeight": 37.2272349415857
  },
  "renderOptions": {
    "environment": "Riverbank",
    "ambientOcclusion": {
      "enabled": true,
      "radius": 10,
      "intensity": 0.4
    },
    "toneMap": {
      "method": 1,
      "exposure": -5.7,
      "lightMultiplier": -1e-20
    },
    "appearance": {
      "ghostHidden": true,
      "ambientShadow": true,
      "antiAliasing": true,
      "progressiveDisplay": true,
      "swapBlackAndWhite": false,
      "displayLines": true,
      "displayPoints": true
    }
  },
  "cutplanes": [
    [
      0.9999999999999998,
      0,
      0,
      74.41382598876952
    ]
  ]
}