{
  "seedURN": "./Surf.nwd/0/0.svf",
  "objectSet": [
    {
      "id": [
        96
      ],
      "isolated": [],
      "hidden": [
        574,
        147,
        148,
        152
      ],
      "explodeScale": 0,
      "idType": "lmv"
    }
  ],
  "viewport": {
    "name": "",
    "eye": [
      -118.53889586902882,
      -63.61448426895795,
      -23.778304979916264
    ],
    "target": [
      -97.8090193871079,
      -14.649066095792094,
      -45.88723673498539
    ],
    "up": [
      0.14967825590878767,
      0.3535505094975267,
      0.9233625815150529
    ],
    "worldUpVector": [
      0,
      0,
      1
    ],
    "pivotPoint": [
      -72.66370391845703,
      17.137542635202408,
      -73.2555923461914
    ],
    "distanceToOrbit": 104.17351663537298,
    "aspectRatio": 1.0598580405985805,
    "projection": "perspective",
    "isOrthographic": false,
    "fieldOfView": 47.4268976729497
  },
  "cutplanes": []
}