{
  "seedURN": "./Surf.nwd/0/0.svf",
  "objectSet": [
    {
      "id": [
        90
      ],
      "isolated": [],
      "hidden": [
        147,
        148,
        152
      ],
      "explodeScale": 0,
      "idType": "lmv"
    }
  ],
  "viewport": {
    "name": "",
    "eye": [
      -115.36163570406218,
      -171.95772450436004,
      -43.466599112504966
    ],
    "target": [
      -73.986549934363,
      -75.44020252086636,
      -78.63506140240564
    ],
    "up": [
      0.1251211968947695,
      0.2918758389797966,
      0.9482368800608105
    ],
    "worldUpVector": [
      0,
      0,
      1
    ],
    "pivotPoint": [
      -75.53870391845703,
      -91.23745727539062,
      -77.13623809814453
    ],
    "distanceToOrbit": 95.92082780765301,
    "aspectRatio": 1.0598580405985805,
    "projection": "perspective",
    "isOrthographic": false,
    "fieldOfView": 47.426897237938846
  },
  "cutplanes": []
}