{
  "seedURN": "./Surf.nwd/0/0.svf",
  "objectSet": [
    {
      "id": [
        78
      ],
      "isolated": [],
      "hidden": [
        561
      ],
      "explodeScale": 0,
      "idType": "lmv"
    }
  ],
  "viewport": {
    "name": "",
    "eye": [
      -114.39535934228428,
      -169.7036482104974,
      -36.1436282226143
    ],
    "target": [
      -73.0202735725851,
      -73.18612622700356,
      -71.312090512515
    ],
    "up": [
      0.12512119689476944,
      0.2918758389797964,
      0.9482368800608106
    ],
    "worldUpVector": [
      0,
      0,
      1
    ],
    "pivotPoint": [
      -75.53870391845703,
      -91.23745727539062,
      -77.13623809814453
    ],
    "distanceToOrbit": 95.92082780765307,
    "aspectRatio": 1.1999480654375487,
    "projection": "perspective",
    "isOrthographic": false,
    "fieldOfView": 47.42689691536993
  },
  "cutplanes": []
}