{
  "seedURN": "./Surf.nwd/0/0.svf",
  "objectSet": [
    {
      "id": [],
      "isolated": [],
      "hidden": [],
      "explodeScale": 0,
      "idType": "lmv"
    }
  ],
  "viewport": {
    "name": "",
    "eye": [
      -83.51570563595581,
      -67.12062308660158,
      18.796224712804666
    ],
    "target": [
      -83.91012208421,
      -65.20565959922216,
      11.581802714499883
    ],
    "up": [
      -0.19470760231471615,
      0.9453407706455016,
      0.261571743420851
    ],
    "worldUpVector": [
      0,
      0,
      1
    ],
    "pivotPoint": [
      -78.58501326291497,
      -33.80096857715173,
      -14.683044362071573
    ],
    "distanceToOrbit": 40.58977562169576,
    "aspectRatio": 1.0598580405985805,
    "projection": "perspective",
    "isOrthographic": false,
    "fieldOfView": 47.426897237938846
  },
  "cutplanes": []
}