{
  "seedURN": "./Surf.nwd/0/0.svf",
  "objectSet": [
    {
      "id": [],
      "isolated": [
        38
      ],
      "hidden": [],
      "explodeScale": 0,
      "idType": "lmv"
    }
  ],
  "viewport": {
    "name": "",
    "eye": [
      -76.09079985479636,
      -47.554192259032874,
      -44.69379117364019
    ],
    "target": [
      -77.14807891845703,
      -41.612457275390625,
      -61.00165939331055
    ],
    "up": [
      -0.16429950400509402,
      0.9233362735493172,
      0.3470674270682006
    ],
    "worldUpVector": [
      0,
      0,
      1
    ],
    "pivotPoint": [
      -77.14807891845703,
      -41.612457275390625,
      -61.00165939331055
    ],
    "distanceToOrbit": 17.38874979705061,
    "aspectRatio": 1.0598580405985805,
    "projection": "perspective",
    "isOrthographic": false,
    "fieldOfView": 47.426897237938846
  },
  "cutplanes": []
}