{
  "seedURN": "./Surf.nwd/0/0.svf",
  "objectSet": [
    {
      "id": [],
      "isolated": [],
      "hidden": [
        147,
        148,
        152
      ],
      "explodeScale": 0,
      "idType": "lmv"
    }
  ],
  "viewport": {
    "name": "",
    "eye": [
      -228.13155382818678,
      -153.06802852787732,
      -37.558004756694054
    ],
    "target": [
      -131.68658921158078,
      -98.78337445666057,
      -33.57107052218638
    ],
    "up": [
      -0.031372974742510204,
      -0.017658475876395487,
      0.9993517472269354
    ],
    "worldUpVector": [
      0,
      0,
      1
    ],
    "pivotPoint": [
      -75.53870391845703,
      -91.23745727539062,
      -77.13623809814453
    ],
    "distanceToOrbit": 161.772935149141,
    "aspectRatio": 1.0598580405985805,
    "projection": "perspective",
    "isOrthographic": false,
    "fieldOfView": 47.426897237938846
  },
  "cutplanes": [
    [
      -0.9994189278280916,
      -0.03408513220381071,
      -1.6653345369377348e-16,
      -82.65723801513109
    ]
  ]
}