{
  "seedURN": "./Surf.nwd/0/0.svf",
  "objectSet": [
    {
      "id": [],
      "isolated": [],
      "hidden": [
        147,
        148,
        152
      ],
      "explodeScale": 0,
      "idType": "lmv"
    }
  ],
  "viewport": {
    "name": "",
    "eye": [
      94.1070686002893,
      -28.696504033007315,
      -49.37318049207505
    ],
    "target": [
      -15.83188796176313,
      -40.81723164930245,
      -43.81761533459041
    ],
    "up": [
      0.04986346576194627,
      0.005497427894577526,
      0.9987409138854536
    ],
    "worldUpVector": [
      0,
      0,
      1
    ],
    "pivotPoint": [
      -75.53870391845703,
      -91.23745727539062,
      -77.13623809814453
    ],
    "distanceToOrbit": 173.863954486297,
    "aspectRatio": 1.0598580405985805,
    "projection": "perspective",
    "isOrthographic": false,
    "fieldOfView": 47.426897237938846
  },
  "cutplanes": [
    [
      0.9999999999999998,
      0,
      0,
      72.02250671386717
    ]
  ]
}